name,pngdir,png_path,con_fits_dir,rej_fits_dir,con_FTP,rej_FTP,con_or_rej,fits_file,meteor_num
FF_BE0002_20210121_063627_096_1235200_3.png,/mnt/local/fiachra/meteor_images/files/20220211_pngs,/mnt/local/fiachra/meteor_images/files/20220121_pngs/0/FF_BE0002_20210121_063627_096_1235200_3.png,/mnt/local/fiachra/meteor_images/files/ConfirmedFiles/BE0002_20210120_164923_125526,/mnt/local/fiachra/meteor_images/files/RejectedFiles/BE0002_20210120_164923_125526,/mnt/local/fiachra/meteor_images/files/ConfirmedFiles/BE0002_20210120_164923_125526/FTPdetectinfo_BE0002_20210120_164923_125526.txt,/mnt/local/fiachra/meteor_images/files/RejectedFiles/BE0002_20210120_164923_125526/FTPdetectinfo_BE0002_20210120_164923_125526.txt,both,/mnt/local/fiachra/meteor_images/files/ConfirmedFiles/BE0002_20210120_164923_125526/FF_BE0002_20210121_063627_096_1235200.fits,3
FF_BE0003_20210121_002130_833_0681728_1.png,/mnt/local/fiachra/meteor_images/files/20220211_pngs,/mnt/local/fiachra/meteor_images/files/20220121_pngs/0/FF_BE0003_20210121_002130_833_0681728_1.png,/mnt/local/fiachra/meteor_images/files/ConfirmedFiles/BE0003_20210120_164518_483117,/mnt/local/fiachra/meteor_images/files/RejectedFiles/BE0003_20210120_164518_483117,/mnt/local/fiachra/meteor_images/files/ConfirmedFiles/BE0003_20210120_164518_483117/FTPdetectinfo_BE0003_20210120_164518_483117.txt,/mnt/local/fiachra/meteor_images/files/RejectedFiles/BE0003_20210120_164518_483117/FTPdetectinfo_BE0003_20210120_164518_483117.txt,both,/mnt/local/fiachra/meteor_images/files/ConfirmedFiles/BE0003_20210120_164518_483117/FF_BE0003_20210121_002130_833_0681728.fits,1
FF_BE0003_20210121_005136_251_0726784_1.png,/mnt/local/fiachra/meteor_images/files/20220211_pngs,/mnt/local/fiachra/meteor_images/files/20220121_pngs/0/FF_BE0003_20210121_005136_251_0726784_1.png,/mnt/local/fiachra/meteor_images/files/ConfirmedFiles/BE0003_20210120_164518_483117,/mnt/local/fiachra/meteor_images/files/RejectedFiles/BE0003_20210120_164518_483117,/mnt/local/fiachra/meteor_images/files/ConfirmedFiles/BE0003_20210120_164518_483117/FTPdetectinfo_BE0003_20210120_164518_483117.txt,/mnt/local/fiachra/meteor_images/files/RejectedFiles/BE0003_20210120_164518_483117/FTPdetectinfo_BE0003_20210120_164518_483117.txt,both,/mnt/local/fiachra/meteor_images/files/ConfirmedFiles/BE0003_20210120_164518_483117/FF_BE0003_20210121_005136_251_0726784.fits,1
FF_BE0003_20210121_011542_492_0762880_2.png,/mnt/local/fiachra/meteor_images/files/20220211_pngs,/mnt/local/fiachra/meteor_images/files/20220121_pngs/0/FF_BE0003_20210121_011542_492_0762880_2.png,/mnt/local/fiachra/meteor_images/files/ConfirmedFiles/BE0003_20210120_164518_483117,/mnt/local/fiachra/meteor_images/files/RejectedFiles/BE0003_20210120_164518_483117,/mnt/local/fiachra/meteor_images/files/ConfirmedFiles/BE0003_20210120_164518_483117/FTPdetectinfo_BE0003_20210120_164518_483117.txt,/mnt/local/fiachra/meteor_images/files/RejectedFiles/BE0003_20210120_164518_483117/FTPdetectinfo_BE0003_20210120_164518_483117.txt,both,/mnt/local/fiachra/meteor_images/files/ConfirmedFiles/BE0003_20210120_164518_483117/FF_BE0003_20210121_011542_492_0762880.fits,2
FF_BE0003_20210121_011816_425_0766720_1.png,/mnt/local/fiachra/meteor_images/files/20220211_pngs,/mnt/local/fiachra/meteor_images/files/20220121_pngs/0/FF_BE0003_20210121_011816_425_0766720_1.png,/mnt/local/fiachra/meteor_images/files/ConfirmedFiles/BE0003_20210120_164518_483117,/mnt/local/fiachra/meteor_images/files/RejectedFiles/BE0003_20210120_164518_483117,/mnt/local/fiachra/meteor_images/files/ConfirmedFiles/BE0003_20210120_164518_483117/FTPdetectinfo_BE0003_20210120_164518_483117.txt,/mnt/local/fiachra/meteor_images/files/RejectedFiles/BE0003_20210120_164518_483117/FTPdetectinfo_BE0003_20210120_164518_483117.txt,both,/mnt/local/fiachra/meteor_images/files/ConfirmedFiles/BE0003_20210120_164518_483117/FF_BE0003_20210121_011816_425_0766720.fits,1
FF_BE0004_20210121_062237_783_1218048_2.png,/mnt/local/fiachra/meteor_images/files/20220211_pngs,/mnt/local/fiachra/meteor_images/files/20220121_pngs/0/FF_BE0004_20210121_062237_783_1218048_2.png,/mnt/local/fiachra/meteor_images/files/ConfirmedFiles/BE0004_20210120_164922_400807,/mnt/local/fiachra/meteor_images/files/RejectedFiles/BE0004_20210120_164922_400807,/mnt/local/fiachra/meteor_images/files/ConfirmedFiles/BE0004_20210120_164922_400807/FTPdetectinfo_BE0004_20210120_164922_400807.txt,/mnt/local/fiachra/meteor_images/files/RejectedFiles/BE0004_20210120_164922_400807/FTPdetectinfo_BE0004_20210120_164922_400807.txt,both,/mnt/local/fiachra/meteor_images/files/ConfirmedFiles/BE0004_20210120_164922_400807/FF_BE0004_20210121_062237_783_1218048.fits,2
FF_HR0010_20201104_235611_576_0683264_4.png,/mnt/local/fiachra/meteor_images/files/20220211_pngs,/mnt/local/fiachra/meteor_images/files/20220121_pngs/0/FF_HR0010_20201104_235611_576_0683264_4.png,/mnt/local/fiachra/meteor_images/files/ConfirmedFiles/HR0010_20201104_161707_499647,/mnt/local/fiachra/meteor_images/files/RejectedFiles/HR0010_20201104_161707_499647,/mnt/local/fiachra/meteor_images/files/ConfirmedFiles/HR0010_20201104_161707_499647/FTPdetectinfo_HR0010_20201104_161707_499647.txt,/mnt/local/fiachra/meteor_images/files/RejectedFiles/HR0010_20201104_161707_499647/FTPdetectinfo_HR0010_20201104_161707_499647.txt,both,/mnt/local/fiachra/meteor_images/files/ConfirmedFiles/HR0010_20201104_161707_499647/FF_HR0010_20201104_235611_576_0683264.fits,4
FF_HR0010_20201105_002028_188_0719616_1.png,/mnt/local/fiachra/meteor_images/files/20220211_pngs,/mnt/local/fiachra/meteor_images/files/20220121_pngs/0/FF_HR0010_20201105_002028_188_0719616_1.png,/mnt/local/fiachra/meteor_images/files/ConfirmedFiles/HR0010_20201104_161707_499647,/mnt/local/fiachra/meteor_images/files/RejectedFiles/HR0010_20201104_161707_499647,/mnt/local/fiachra/meteor_images/files/ConfirmedFiles/HR0010_20201104_161707_499647/FTPdetectinfo_HR0010_20201104_161707_499647.txt,/mnt/local/fiachra/meteor_images/files/RejectedFiles/HR0010_20201104_161707_499647/FTPdetectinfo_HR0010_20201104_161707_499647.txt,both,/mnt/local/fiachra/meteor_images/files/ConfirmedFiles/HR0010_20201104_161707_499647/FF_HR0010_20201105_002028_188_0719616.fits,1
FF_HR0010_20201105_002058_913_0720384_1.png,/mnt/local/fiachra/meteor_images/files/20220211_pngs,/mnt/local/fiachra/meteor_images/files/20220121_pngs/0/FF_HR0010_20201105_002058_913_0720384_1.png,/mnt/local/fiachra/meteor_images/files/ConfirmedFiles/HR0010_20201104_161707_499647,/mnt/local/fiachra/meteor_images/files/RejectedFiles/HR0010_20201104_161707_499647,/mnt/local/fiachra/meteor_images/files/ConfirmedFiles/HR0010_20201104_161707_499647/FTPdetectinfo_HR0010_20201104_161707_499647.txt,/mnt/local/fiachra/meteor_images/files/RejectedFiles/HR0010_20201104_161707_499647/FTPdetectinfo_HR0010_20201104_161707_499647.txt,both,/mnt/local/fiachra/meteor_images/files/ConfirmedFiles/HR0010_20201104_161707_499647/FF_HR0010_20201105_002058_913_0720384.fits,1
FF_HR0010_20201105_002119_389_0720896_2.png,/mnt/local/fiachra/meteor_images/files/20220211_pngs,/mnt/local/fiachra/meteor_images/files/20220121_pngs/0/FF_HR0010_20201105_002119_389_0720896_2.png,/mnt/local/fiachra/meteor_images/files/ConfirmedFiles/HR0010_20201104_161707_499647,/mnt/local/fiachra/meteor_images/files/RejectedFiles/HR0010_20201104_161707_499647,/mnt/local/fiachra/meteor_images/files/ConfirmedFiles/HR0010_20201104_161707_499647/FTPdetectinfo_HR0010_20201104_161707_499647.txt,/mnt/local/fiachra/meteor_images/files/RejectedFiles/HR0010_20201104_161707_499647/FTPdetectinfo_HR0010_20201104_161707_499647.txt,both,/mnt/local/fiachra/meteor_images/files/ConfirmedFiles/HR0010_20201104_161707_499647/FF_HR0010_20201105_002119_389_0720896.fits,2
FF_HR0010_20201105_002626_605_0728576_7.png,/mnt/local/fiachra/meteor_images/files/20220211_pngs,/mnt/local/fiachra/meteor_images/files/20220121_pngs/0/FF_HR0010_20201105_002626_605_0728576_7.png,/mnt/local/fiachra/meteor_images/files/ConfirmedFiles/HR0010_20201104_161707_499647,/mnt/local/fiachra/meteor_images/files/RejectedFiles/HR0010_20201104_161707_499647,/mnt/local/fiachra/meteor_images/files/ConfirmedFiles/HR0010_20201104_161707_499647/FTPdetectinfo_HR0010_20201104_161707_499647.txt,/mnt/local/fiachra/meteor_images/files/RejectedFiles/HR0010_20201104_161707_499647/FTPdetectinfo_HR0010_20201104_161707_499647.txt,both,/mnt/local/fiachra/meteor_images/files/ConfirmedFiles/HR0010_20201104_161707_499647/FF_HR0010_20201105_002626_605_0728576.fits,7
FF_HR0010_20201105_003144_026_0736512_2.png,/mnt/local/fiachra/meteor_images/files/20220211_pngs,/mnt/local/fiachra/meteor_images/files/20220121_pngs/0/FF_HR0010_20201105_003144_026_0736512_2.png,/mnt/local/fiachra/meteor_images/files/ConfirmedFiles/HR0010_20201104_161707_499647,/mnt/local/fiachra/meteor_images/files/RejectedFiles/HR0010_20201104_161707_499647,/mnt/local/fiachra/meteor_images/files/ConfirmedFiles/HR0010_20201104_161707_499647/FTPdetectinfo_HR0010_20201104_161707_499647.txt,/mnt/local/fiachra/meteor_images/files/RejectedFiles/HR0010_20201104_161707_499647/FTPdetectinfo_HR0010_20201104_161707_499647.txt,both,/mnt/local/fiachra/meteor_images/files/ConfirmedFiles/HR0010_20201104_161707_499647/FF_HR0010_20201105_003144_026_0736512.fits,2
FF_HR0010_20201105_003641_028_0743936_1.png,/mnt/local/fiachra/meteor_images/files/20220211_pngs,/mnt/local/fiachra/meteor_images/files/20220121_pngs/0/FF_HR0010_20201105_003641_028_0743936_1.png,/mnt/local/fiachra/meteor_images/files/ConfirmedFiles/HR0010_20201104_161707_499647,/mnt/local/fiachra/meteor_images/files/RejectedFiles/HR0010_20201104_161707_499647,/mnt/local/fiachra/meteor_images/files/ConfirmedFiles/HR0010_20201104_161707_499647/FTPdetectinfo_HR0010_20201104_161707_499647.txt,/mnt/local/fiachra/meteor_images/files/RejectedFiles/HR0010_20201104_161707_499647/FTPdetectinfo_HR0010_20201104_161707_499647.txt,both,/mnt/local/fiachra/meteor_images/files/ConfirmedFiles/HR0010_20201104_161707_499647/FF_HR0010_20201105_003641_028_0743936.fits,1
FF_HR0010_20201105_004218_961_0752384_1.png,/mnt/local/fiachra/meteor_images/files/20220211_pngs,/mnt/local/fiachra/meteor_images/files/20220121_pngs/0/FF_HR0010_20201105_004218_961_0752384_1.png,/mnt/local/fiachra/meteor_images/files/ConfirmedFiles/HR0010_20201104_161707_499647,/mnt/local/fiachra/meteor_images/files/RejectedFiles/HR0010_20201104_161707_499647,/mnt/local/fiachra/meteor_images/files/ConfirmedFiles/HR0010_20201104_161707_499647/FTPdetectinfo_HR0010_20201104_161707_499647.txt,/mnt/local/fiachra/meteor_images/files/RejectedFiles/HR0010_20201104_161707_499647/FTPdetectinfo_HR0010_20201104_161707_499647.txt,both,/mnt/local/fiachra/meteor_images/files/ConfirmedFiles/HR0010_20201104_161707_499647/FF_HR0010_20201105_004218_961_0752384.fits,1
FF_HR0010_20201105_004229_193_0752640_1.png,/mnt/local/fiachra/meteor_images/files/20220211_pngs,/mnt/local/fiachra/meteor_images/files/20220121_pngs/0/FF_HR0010_20201105_004229_193_0752640_1.png,/mnt/local/fiachra/meteor_images/files/ConfirmedFiles/HR0010_20201104_161707_499647,/mnt/local/fiachra/meteor_images/files/RejectedFiles/HR0010_20201104_161707_499647,/mnt/local/fiachra/meteor_images/files/ConfirmedFiles/HR0010_20201104_161707_499647/FTPdetectinfo_HR0010_20201104_161707_499647.txt,/mnt/local/fiachra/meteor_images/files/RejectedFiles/HR0010_20201104_161707_499647/FTPdetectinfo_HR0010_20201104_161707_499647.txt,both,/mnt/local/fiachra/meteor_images/files/ConfirmedFiles/HR0010_20201104_161707_499647/FF_HR0010_20201105_004229_193_0752640.fits,1
FF_HR0010_20201105_004524_071_0756992_1.png,/mnt/local/fiachra/meteor_images/files/20220211_pngs,/mnt/local/fiachra/meteor_images/files/20220121_pngs/0/FF_HR0010_20201105_004524_071_0756992_1.png,/mnt/local/fiachra/meteor_images/files/ConfirmedFiles/HR0010_20201104_161707_499647,/mnt/local/fiachra/meteor_images/files/RejectedFiles/HR0010_20201104_161707_499647,/mnt/local/fiachra/meteor_images/files/ConfirmedFiles/HR0010_20201104_161707_499647/FTPdetectinfo_HR0010_20201104_161707_499647.txt,/mnt/local/fiachra/meteor_images/files/RejectedFiles/HR0010_20201104_161707_499647/FTPdetectinfo_HR0010_20201104_161707_499647.txt,both,/mnt/local/fiachra/meteor_images/files/ConfirmedFiles/HR0010_20201104_161707_499647/FF_HR0010_20201105_004524_071_0756992.fits,1
FF_HR0010_20201105_004818_112_0761344_1.png,/mnt/local/fiachra/meteor_images/files/20220211_pngs,/mnt/local/fiachra/meteor_images/files/20220121_pngs/0/FF_HR0010_20201105_004818_112_0761344_1.png,/mnt/local/fiachra/meteor_images/files/ConfirmedFiles/HR0010_20201104_161707_499647,/mnt/local/fiachra/meteor_images/files/RejectedFiles/HR0010_20201104_161707_499647,/mnt/local/fiachra/meteor_images/files/ConfirmedFiles/HR0010_20201104_161707_499647/FTPdetectinfo_HR0010_20201104_161707_499647.txt,/mnt/local/fiachra/meteor_images/files/RejectedFiles/HR0010_20201104_161707_499647/FTPdetectinfo_HR0010_20201104_161707_499647.txt,both,/mnt/local/fiachra/meteor_images/files/ConfirmedFiles/HR0010_20201104_161707_499647/FF_HR0010_20201105_004818_112_0761344.fits,1
FF_HR0010_20201105_005620_753_0773376_2.png,/mnt/local/fiachra/meteor_images/files/20220211_pngs,/mnt/local/fiachra/meteor_images/files/20220121_pngs/0/FF_HR0010_20201105_005620_753_0773376_2.png,/mnt/local/fiachra/meteor_images/files/ConfirmedFiles/HR0010_20201104_161707_499647,/mnt/local/fiachra/meteor_images/files/RejectedFiles/HR0010_20201104_161707_499647,/mnt/local/fiachra/meteor_images/files/ConfirmedFiles/HR0010_20201104_161707_499647/FTPdetectinfo_HR0010_20201104_161707_499647.txt,/mnt/local/fiachra/meteor_images/files/RejectedFiles/HR0010_20201104_161707_499647/FTPdetectinfo_HR0010_20201104_161707_499647.txt,both,/mnt/local/fiachra/meteor_images/files/ConfirmedFiles/HR0010_20201104_161707_499647/FF_HR0010_20201105_005620_753_0773376.fits,2
FF_HR0010_20201105_011610_158_0803072_1.png,/mnt/local/fiachra/meteor_images/files/20220211_pngs,/mnt/local/fiachra/meteor_images/files/20220121_pngs/0/FF_HR0010_20201105_011610_158_0803072_1.png,/mnt/local/fiachra/meteor_images/files/ConfirmedFiles/HR0010_20201104_161707_499647,/mnt/local/fiachra/meteor_images/files/RejectedFiles/HR0010_20201104_161707_499647,/mnt/local/fiachra/meteor_images/files/ConfirmedFiles/HR0010_20201104_161707_499647/FTPdetectinfo_HR0010_20201104_161707_499647.txt,/mnt/local/fiachra/meteor_images/files/RejectedFiles/HR0010_20201104_161707_499647/FTPdetectinfo_HR0010_20201104_161707_499647.txt,both,/mnt/local/fiachra/meteor_images/files/ConfirmedFiles/HR0010_20201104_161707_499647/FF_HR0010_20201105_011610_158_0803072.fits,1
FF_HR0010_20201105_012001_589_0808704_3.png,/mnt/local/fiachra/meteor_images/files/20220211_pngs,/mnt/local/fiachra/meteor_images/files/20220121_pngs/0/FF_HR0010_20201105_012001_589_0808704_3.png,/mnt/local/fiachra/meteor_images/files/ConfirmedFiles/HR0010_20201104_161707_499647,/mnt/local/fiachra/meteor_images/files/RejectedFiles/HR0010_20201104_161707_499647,/mnt/local/fiachra/meteor_images/files/ConfirmedFiles/HR0010_20201104_161707_499647/FTPdetectinfo_HR0010_20201104_161707_499647.txt,/mnt/local/fiachra/meteor_images/files/RejectedFiles/HR0010_20201104_161707_499647/FTPdetectinfo_HR0010_20201104_161707_499647.txt,both,/mnt/local/fiachra/meteor_images/files/ConfirmedFiles/HR0010_20201104_161707_499647/FF_HR0010_20201105_012001_589_0808704.fits,3
FF_HR0010_20201105_012143_975_0811264_1.png,/mnt/local/fiachra/meteor_images/files/20220211_pngs,/mnt/local/fiachra/meteor_images/files/20220121_pngs/0/FF_HR0010_20201105_012143_975_0811264_1.png,/mnt/local/fiachra/meteor_images/files/ConfirmedFiles/HR0010_20201104_161707_499647,/mnt/local/fiachra/meteor_images/files/RejectedFiles/HR0010_20201104_161707_499647,/mnt/local/fiachra/meteor_images/files/ConfirmedFiles/HR0010_20201104_161707_499647/FTPdetectinfo_HR0010_20201104_161707_499647.txt,/mnt/local/fiachra/meteor_images/files/RejectedFiles/HR0010_20201104_161707_499647/FTPdetectinfo_HR0010_20201104_161707_499647.txt,both,/mnt/local/fiachra/meteor_images/files/ConfirmedFiles/HR0010_20201104_161707_499647/FF_HR0010_20201105_012143_975_0811264.fits,1
FF_HR0010_20201105_012326_372_0813824_4.png,/mnt/local/fiachra/meteor_images/files/20220211_pngs,/mnt/local/fiachra/meteor_images/files/20220121_pngs/0/FF_HR0010_20201105_012326_372_0813824_4.png,/mnt/local/fiachra/meteor_images/files/ConfirmedFiles/HR0010_20201104_161707_499647,/mnt/local/fiachra/meteor_images/files/RejectedFiles/HR0010_20201104_161707_499647,/mnt/local/fiachra/meteor_images/files/ConfirmedFiles/HR0010_20201104_161707_499647/FTPdetectinfo_HR0010_20201104_161707_499647.txt,/mnt/local/fiachra/meteor_images/files/RejectedFiles/HR0010_20201104_161707_499647/FTPdetectinfo_HR0010_20201104_161707_499647.txt,both,/mnt/local/fiachra/meteor_images/files/ConfirmedFiles/HR0010_20201104_161707_499647/FF_HR0010_20201105_012326_372_0813824.fits,4
FF_HR0010_20201105_012357_084_0814592_1.png,/mnt/local/fiachra/meteor_images/files/20220211_pngs,/mnt/local/fiachra/meteor_images/files/20220121_pngs/0/FF_HR0010_20201105_012357_084_0814592_1.png,/mnt/local/fiachra/meteor_images/files/ConfirmedFiles/HR0010_20201104_161707_499647,/mnt/local/fiachra/meteor_images/files/RejectedFiles/HR0010_20201104_161707_499647,/mnt/local/fiachra/meteor_images/files/ConfirmedFiles/HR0010_20201104_161707_499647/FTPdetectinfo_HR0010_20201104_161707_499647.txt,/mnt/local/fiachra/meteor_images/files/RejectedFiles/HR0010_20201104_161707_499647/FTPdetectinfo_HR0010_20201104_161707_499647.txt,both,/mnt/local/fiachra/meteor_images/files/ConfirmedFiles/HR0010_20201104_161707_499647/FF_HR0010_20201105_012357_084_0814592.fits,1
FF_HR0010_20201105_013150_209_0826368_1.png,/mnt/local/fiachra/meteor_images/files/20220211_pngs,/mnt/local/fiachra/meteor_images/files/20220121_pngs/0/FF_HR0010_20201105_013150_209_0826368_1.png,/mnt/local/fiachra/meteor_images/files/ConfirmedFiles/HR0010_20201104_161707_499647,/mnt/local/fiachra/meteor_images/files/RejectedFiles/HR0010_20201104_161707_499647,/mnt/local/fiachra/meteor_images/files/ConfirmedFiles/HR0010_20201104_161707_499647/FTPdetectinfo_HR0010_20201104_161707_499647.txt,/mnt/local/fiachra/meteor_images/files/RejectedFiles/HR0010_20201104_161707_499647/FTPdetectinfo_HR0010_20201104_161707_499647.txt,both,/mnt/local/fiachra/meteor_images/files/ConfirmedFiles/HR0010_20201104_161707_499647/FF_HR0010_20201105_013150_209_0826368.fits,1
FF_HR0010_20201105_013449_089_0830720_2.png,/mnt/local/fiachra/meteor_images/files/20220211_pngs,/mnt/local/fiachra/meteor_images/files/20220121_pngs/0/FF_HR0010_20201105_013449_089_0830720_2.png,/mnt/local/fiachra/meteor_images/files/ConfirmedFiles/HR0010_20201104_161707_499647,/mnt/local/fiachra/meteor_images/files/RejectedFiles/HR0010_20201104_161707_499647,/mnt/local/fiachra/meteor_images/files/ConfirmedFiles/HR0010_20201104_161707_499647/FTPdetectinfo_HR0010_20201104_161707_499647.txt,/mnt/local/fiachra/meteor_images/files/RejectedFiles/HR0010_20201104_161707_499647/FTPdetectinfo_HR0010_20201104_161707_499647.txt,both,/mnt/local/fiachra/meteor_images/files/ConfirmedFiles/HR0010_20201104_161707_499647/FF_HR0010_20201105_013449_089_0830720.fits,2
FF_HR0010_20201105_013449_089_0830720_3.png,/mnt/local/fiachra/meteor_images/files/20220211_pngs,/mnt/local/fiachra/meteor_images/files/20220121_pngs/0/FF_HR0010_20201105_013449_089_0830720_3.png,/mnt/local/fiachra/meteor_images/files/ConfirmedFiles/HR0010_20201104_161707_499647,/mnt/local/fiachra/meteor_images/files/RejectedFiles/HR0010_20201104_161707_499647,/mnt/local/fiachra/meteor_images/files/ConfirmedFiles/HR0010_20201104_161707_499647/FTPdetectinfo_HR0010_20201104_161707_499647.txt,/mnt/local/fiachra/meteor_images/files/RejectedFiles/HR0010_20201104_161707_499647/FTPdetectinfo_HR0010_20201104_161707_499647.txt,both,/mnt/local/fiachra/meteor_images/files/ConfirmedFiles/HR0010_20201104_161707_499647/FF_HR0010_20201105_013449_089_0830720.fits,3
FF_HR0010_20201105_013621_250_0833024_3.png,/mnt/local/fiachra/meteor_images/files/20220211_pngs,/mnt/local/fiachra/meteor_images/files/20220121_pngs/0/FF_HR0010_20201105_013621_250_0833024_3.png,/mnt/local/fiachra/meteor_images/files/ConfirmedFiles/HR0010_20201104_161707_499647,/mnt/local/fiachra/meteor_images/files/RejectedFiles/HR0010_20201104_161707_499647,/mnt/local/fiachra/meteor_images/files/ConfirmedFiles/HR0010_20201104_161707_499647/FTPdetectinfo_HR0010_20201104_161707_499647.txt,/mnt/local/fiachra/meteor_images/files/RejectedFiles/HR0010_20201104_161707_499647/FTPdetectinfo_HR0010_20201104_161707_499647.txt,both,/mnt/local/fiachra/meteor_images/files/ConfirmedFiles/HR0010_20201104_161707_499647/FF_HR0010_20201105_013621_250_0833024.fits,3
FF_HR0010_20201105_014250_375_0842752_1.png,/mnt/local/fiachra/meteor_images/files/20220211_pngs,/mnt/local/fiachra/meteor_images/files/20220121_pngs/0/FF_HR0010_20201105_014250_375_0842752_1.png,/mnt/local/fiachra/meteor_images/files/ConfirmedFiles/HR0010_20201104_161707_499647,/mnt/local/fiachra/meteor_images/files/RejectedFiles/HR0010_20201104_161707_499647,/mnt/local/fiachra/meteor_images/files/ConfirmedFiles/HR0010_20201104_161707_499647/FTPdetectinfo_HR0010_20201104_161707_499647.txt,/mnt/local/fiachra/meteor_images/files/RejectedFiles/HR0010_20201104_161707_499647/FTPdetectinfo_HR0010_20201104_161707_499647.txt,both,/mnt/local/fiachra/meteor_images/files/ConfirmedFiles/HR0010_20201104_161707_499647/FF_HR0010_20201105_014250_375_0842752.fits,1
FF_HR0010_20201105_014523_991_0846592_3.png,/mnt/local/fiachra/meteor_images/files/20220211_pngs,/mnt/local/fiachra/meteor_images/files/20220121_pngs/0/FF_HR0010_20201105_014523_991_0846592_3.png,/mnt/local/fiachra/meteor_images/files/ConfirmedFiles/HR0010_20201104_161707_499647,/mnt/local/fiachra/meteor_images/files/RejectedFiles/HR0010_20201104_161707_499647,/mnt/local/fiachra/meteor_images/files/ConfirmedFiles/HR0010_20201104_161707_499647/FTPdetectinfo_HR0010_20201104_161707_499647.txt,/mnt/local/fiachra/meteor_images/files/RejectedFiles/HR0010_20201104_161707_499647/FTPdetectinfo_HR0010_20201104_161707_499647.txt,both,/mnt/local/fiachra/meteor_images/files/ConfirmedFiles/HR0010_20201104_161707_499647/FF_HR0010_20201105_014523_991_0846592.fits,3
FF_HR0010_20201105_014615_173_0847872_6.png,/mnt/local/fiachra/meteor_images/files/20220211_pngs,/mnt/local/fiachra/meteor_images/files/20220121_pngs/0/FF_HR0010_20201105_014615_173_0847872_6.png,/mnt/local/fiachra/meteor_images/files/ConfirmedFiles/HR0010_20201104_161707_499647,/mnt/local/fiachra/meteor_images/files/RejectedFiles/HR0010_20201104_161707_499647,/mnt/local/fiachra/meteor_images/files/ConfirmedFiles/HR0010_20201104_161707_499647/FTPdetectinfo_HR0010_20201104_161707_499647.txt,/mnt/local/fiachra/meteor_images/files/RejectedFiles/HR0010_20201104_161707_499647/FTPdetectinfo_HR0010_20201104_161707_499647.txt,both,/mnt/local/fiachra/meteor_images/files/ConfirmedFiles/HR0010_20201104_161707_499647/FF_HR0010_20201105_014615_173_0847872.fits,6
FF_HR0010_20201105_014737_123_0849920_2.png,/mnt/local/fiachra/meteor_images/files/20220211_pngs,/mnt/local/fiachra/meteor_images/files/20220121_pngs/0/FF_HR0010_20201105_014737_123_0849920_2.png,/mnt/local/fiachra/meteor_images/files/ConfirmedFiles/HR0010_20201104_161707_499647,/mnt/local/fiachra/meteor_images/files/RejectedFiles/HR0010_20201104_161707_499647,/mnt/local/fiachra/meteor_images/files/ConfirmedFiles/HR0010_20201104_161707_499647/FTPdetectinfo_HR0010_20201104_161707_499647.txt,/mnt/local/fiachra/meteor_images/files/RejectedFiles/HR0010_20201104_161707_499647/FTPdetectinfo_HR0010_20201104_161707_499647.txt,both,/mnt/local/fiachra/meteor_images/files/ConfirmedFiles/HR0010_20201104_161707_499647/FF_HR0010_20201105_014737_123_0849920.fits,2
FF_HR0010_20201105_014747_343_0850176_1.png,/mnt/local/fiachra/meteor_images/files/20220211_pngs,/mnt/local/fiachra/meteor_images/files/20220121_pngs/0/FF_HR0010_20201105_014747_343_0850176_1.png,/mnt/local/fiachra/meteor_images/files/ConfirmedFiles/HR0010_20201104_161707_499647,/mnt/local/fiachra/meteor_images/files/RejectedFiles/HR0010_20201104_161707_499647,/mnt/local/fiachra/meteor_images/files/ConfirmedFiles/HR0010_20201104_161707_499647/FTPdetectinfo_HR0010_20201104_161707_499647.txt,/mnt/local/fiachra/meteor_images/files/RejectedFiles/HR0010_20201104_161707_499647/FTPdetectinfo_HR0010_20201104_161707_499647.txt,both,/mnt/local/fiachra/meteor_images/files/ConfirmedFiles/HR0010_20201104_161707_499647/FF_HR0010_20201105_014747_343_0850176.fits,1
FF_HR0010_20201105_014921_024_0852480_1.png,/mnt/local/fiachra/meteor_images/files/20220211_pngs,/mnt/local/fiachra/meteor_images/files/20220121_pngs/0/FF_HR0010_20201105_014921_024_0852480_1.png,/mnt/local/fiachra/meteor_images/files/ConfirmedFiles/HR0010_20201104_161707_499647,/mnt/local/fiachra/meteor_images/files/RejectedFiles/HR0010_20201104_161707_499647,/mnt/local/fiachra/meteor_images/files/ConfirmedFiles/HR0010_20201104_161707_499647/FTPdetectinfo_HR0010_20201104_161707_499647.txt,/mnt/local/fiachra/meteor_images/files/RejectedFiles/HR0010_20201104_161707_499647/FTPdetectinfo_HR0010_20201104_161707_499647.txt,both,/mnt/local/fiachra/meteor_images/files/ConfirmedFiles/HR0010_20201104_161707_499647/FF_HR0010_20201105_014921_024_0852480.fits,1
FF_HR0010_20201105_015407_745_0859648_6.png,/mnt/local/fiachra/meteor_images/files/20220211_pngs,/mnt/local/fiachra/meteor_images/files/20220121_pngs/0/FF_HR0010_20201105_015407_745_0859648_6.png,/mnt/local/fiachra/meteor_images/files/ConfirmedFiles/HR0010_20201104_161707_499647,/mnt/local/fiachra/meteor_images/files/RejectedFiles/HR0010_20201104_161707_499647,/mnt/local/fiachra/meteor_images/files/ConfirmedFiles/HR0010_20201104_161707_499647/FTPdetectinfo_HR0010_20201104_161707_499647.txt,/mnt/local/fiachra/meteor_images/files/RejectedFiles/HR0010_20201104_161707_499647/FTPdetectinfo_HR0010_20201104_161707_499647.txt,both,/mnt/local/fiachra/meteor_images/files/ConfirmedFiles/HR0010_20201104_161707_499647/FF_HR0010_20201105_015407_745_0859648.fits,6
FF_HR0010_20201105_015407_745_0859648_7.png,/mnt/local/fiachra/meteor_images/files/20220211_pngs,/mnt/local/fiachra/meteor_images/files/20220121_pngs/0/FF_HR0010_20201105_015407_745_0859648_7.png,/mnt/local/fiachra/meteor_images/files/ConfirmedFiles/HR0010_20201104_161707_499647,/mnt/local/fiachra/meteor_images/files/RejectedFiles/HR0010_20201104_161707_499647,/mnt/local/fiachra/meteor_images/files/ConfirmedFiles/HR0010_20201104_161707_499647/FTPdetectinfo_HR0010_20201104_161707_499647.txt,/mnt/local/fiachra/meteor_images/files/RejectedFiles/HR0010_20201104_161707_499647/FTPdetectinfo_HR0010_20201104_161707_499647.txt,both,/mnt/local/fiachra/meteor_images/files/ConfirmedFiles/HR0010_20201104_161707_499647/FF_HR0010_20201105_015407_745_0859648.fits,7
FF_HR0010_20201105_015431_628_0860160_4.png,/mnt/local/fiachra/meteor_images/files/20220211_pngs,/mnt/local/fiachra/meteor_images/files/20220121_pngs/0/FF_HR0010_20201105_015431_628_0860160_4.png,/mnt/local/fiachra/meteor_images/files/ConfirmedFiles/HR0010_20201104_161707_499647,/mnt/local/fiachra/meteor_images/files/RejectedFiles/HR0010_20201104_161707_499647,/mnt/local/fiachra/meteor_images/files/ConfirmedFiles/HR0010_20201104_161707_499647/FTPdetectinfo_HR0010_20201104_161707_499647.txt,/mnt/local/fiachra/meteor_images/files/RejectedFiles/HR0010_20201104_161707_499647/FTPdetectinfo_HR0010_20201104_161707_499647.txt,both,/mnt/local/fiachra/meteor_images/files/ConfirmedFiles/HR0010_20201104_161707_499647/FF_HR0010_20201105_015431_628_0860160.fits,4
FF_HR0010_20201105_015655_866_0863744_4.png,/mnt/local/fiachra/meteor_images/files/20220211_pngs,/mnt/local/fiachra/meteor_images/files/20220121_pngs/0/FF_HR0010_20201105_015655_866_0863744_4.png,/mnt/local/fiachra/meteor_images/files/ConfirmedFiles/HR0010_20201104_161707_499647,/mnt/local/fiachra/meteor_images/files/RejectedFiles/HR0010_20201104_161707_499647,/mnt/local/fiachra/meteor_images/files/ConfirmedFiles/HR0010_20201104_161707_499647/FTPdetectinfo_HR0010_20201104_161707_499647.txt,/mnt/local/fiachra/meteor_images/files/RejectedFiles/HR0010_20201104_161707_499647/FTPdetectinfo_HR0010_20201104_161707_499647.txt,both,/mnt/local/fiachra/meteor_images/files/ConfirmedFiles/HR0010_20201104_161707_499647/FF_HR0010_20201105_015655_866_0863744.fits,4
FF_HR0010_20201105_020051_381_0869632_2.png,/mnt/local/fiachra/meteor_images/files/20220211_pngs,/mnt/local/fiachra/meteor_images/files/20220121_pngs/0/FF_HR0010_20201105_020051_381_0869632_2.png,/mnt/local/fiachra/meteor_images/files/ConfirmedFiles/HR0010_20201104_161707_499647,/mnt/local/fiachra/meteor_images/files/RejectedFiles/HR0010_20201104_161707_499647,/mnt/local/fiachra/meteor_images/files/ConfirmedFiles/HR0010_20201104_161707_499647/FTPdetectinfo_HR0010_20201104_161707_499647.txt,/mnt/local/fiachra/meteor_images/files/RejectedFiles/HR0010_20201104_161707_499647/FTPdetectinfo_HR0010_20201104_161707_499647.txt,both,/mnt/local/fiachra/meteor_images/files/ConfirmedFiles/HR0010_20201104_161707_499647/FF_HR0010_20201105_020051_381_0869632.fits,2
FF_HR0010_20201105_020538_842_0876800_1.png,/mnt/local/fiachra/meteor_images/files/20220211_pngs,/mnt/local/fiachra/meteor_images/files/20220121_pngs/0/FF_HR0010_20201105_020538_842_0876800_1.png,/mnt/local/fiachra/meteor_images/files/ConfirmedFiles/HR0010_20201104_161707_499647,/mnt/local/fiachra/meteor_images/files/RejectedFiles/HR0010_20201104_161707_499647,/mnt/local/fiachra/meteor_images/files/ConfirmedFiles/HR0010_20201104_161707_499647/FTPdetectinfo_HR0010_20201104_161707_499647.txt,/mnt/local/fiachra/meteor_images/files/RejectedFiles/HR0010_20201104_161707_499647/FTPdetectinfo_HR0010_20201104_161707_499647.txt,both,/mnt/local/fiachra/meteor_images/files/ConfirmedFiles/HR0010_20201104_161707_499647/FF_HR0010_20201105_020538_842_0876800.fits,1
FF_HR0010_20201105_020650_521_0878592_3.png,/mnt/local/fiachra/meteor_images/files/20220211_pngs,/mnt/local/fiachra/meteor_images/files/20220121_pngs/0/FF_HR0010_20201105_020650_521_0878592_3.png,/mnt/local/fiachra/meteor_images/files/ConfirmedFiles/HR0010_20201104_161707_499647,/mnt/local/fiachra/meteor_images/files/RejectedFiles/HR0010_20201104_161707_499647,/mnt/local/fiachra/meteor_images/files/ConfirmedFiles/HR0010_20201104_161707_499647/FTPdetectinfo_HR0010_20201104_161707_499647.txt,/mnt/local/fiachra/meteor_images/files/RejectedFiles/HR0010_20201104_161707_499647/FTPdetectinfo_HR0010_20201104_161707_499647.txt,both,/mnt/local/fiachra/meteor_images/files/ConfirmedFiles/HR0010_20201104_161707_499647/FF_HR0010_20201105_020650_521_0878592.fits,3
FF_HR0010_20201105_020903_628_0881920_1.png,/mnt/local/fiachra/meteor_images/files/20220211_pngs,/mnt/local/fiachra/meteor_images/files/20220121_pngs/0/FF_HR0010_20201105_020903_628_0881920_1.png,/mnt/local/fiachra/meteor_images/files/ConfirmedFiles/HR0010_20201104_161707_499647,/mnt/local/fiachra/meteor_images/files/RejectedFiles/HR0010_20201104_161707_499647,/mnt/local/fiachra/meteor_images/files/ConfirmedFiles/HR0010_20201104_161707_499647/FTPdetectinfo_HR0010_20201104_161707_499647.txt,/mnt/local/fiachra/meteor_images/files/RejectedFiles/HR0010_20201104_161707_499647/FTPdetectinfo_HR0010_20201104_161707_499647.txt,both,/mnt/local/fiachra/meteor_images/files/ConfirmedFiles/HR0010_20201104_161707_499647/FF_HR0010_20201105_020903_628_0881920.fits,1
FF_HR0010_20201105_021128_029_0885504_2.png,/mnt/local/fiachra/meteor_images/files/20220211_pngs,/mnt/local/fiachra/meteor_images/files/20220121_pngs/0/FF_HR0010_20201105_021128_029_0885504_2.png,/mnt/local/fiachra/meteor_images/files/ConfirmedFiles/HR0010_20201104_161707_499647,/mnt/local/fiachra/meteor_images/files/RejectedFiles/HR0010_20201104_161707_499647,/mnt/local/fiachra/meteor_images/files/ConfirmedFiles/HR0010_20201104_161707_499647/FTPdetectinfo_HR0010_20201104_161707_499647.txt,/mnt/local/fiachra/meteor_images/files/RejectedFiles/HR0010_20201104_161707_499647/FTPdetectinfo_HR0010_20201104_161707_499647.txt,both,/mnt/local/fiachra/meteor_images/files/ConfirmedFiles/HR0010_20201104_161707_499647/FF_HR0010_20201105_021128_029_0885504.fits,2
FF_HR0010_20201105_021908_877_0897024_3.png,/mnt/local/fiachra/meteor_images/files/20220211_pngs,/mnt/local/fiachra/meteor_images/files/20220121_pngs/0/FF_HR0010_20201105_021908_877_0897024_3.png,/mnt/local/fiachra/meteor_images/files/ConfirmedFiles/HR0010_20201104_161707_499647,/mnt/local/fiachra/meteor_images/files/RejectedFiles/HR0010_20201104_161707_499647,/mnt/local/fiachra/meteor_images/files/ConfirmedFiles/HR0010_20201104_161707_499647/FTPdetectinfo_HR0010_20201104_161707_499647.txt,/mnt/local/fiachra/meteor_images/files/RejectedFiles/HR0010_20201104_161707_499647/FTPdetectinfo_HR0010_20201104_161707_499647.txt,both,/mnt/local/fiachra/meteor_images/files/ConfirmedFiles/HR0010_20201104_161707_499647/FF_HR0010_20201105_021908_877_0897024.fits,3
FF_HR0010_20201105_022538_635_0906752_4.png,/mnt/local/fiachra/meteor_images/files/20220211_pngs,/mnt/local/fiachra/meteor_images/files/20220121_pngs/0/FF_HR0010_20201105_022538_635_0906752_4.png,/mnt/local/fiachra/meteor_images/files/ConfirmedFiles/HR0010_20201104_161707_499647,/mnt/local/fiachra/meteor_images/files/RejectedFiles/HR0010_20201104_161707_499647,/mnt/local/fiachra/meteor_images/files/ConfirmedFiles/HR0010_20201104_161707_499647/FTPdetectinfo_HR0010_20201104_161707_499647.txt,/mnt/local/fiachra/meteor_images/files/RejectedFiles/HR0010_20201104_161707_499647/FTPdetectinfo_HR0010_20201104_161707_499647.txt,both,/mnt/local/fiachra/meteor_images/files/ConfirmedFiles/HR0010_20201104_161707_499647/FF_HR0010_20201105_022538_635_0906752.fits,4
FF_HR0010_20201105_022609_370_0907520_1.png,/mnt/local/fiachra/meteor_images/files/20220211_pngs,/mnt/local/fiachra/meteor_images/files/20220121_pngs/0/FF_HR0010_20201105_022609_370_0907520_1.png,/mnt/local/fiachra/meteor_images/files/ConfirmedFiles/HR0010_20201104_161707_499647,/mnt/local/fiachra/meteor_images/files/RejectedFiles/HR0010_20201104_161707_499647,/mnt/local/fiachra/meteor_images/files/ConfirmedFiles/HR0010_20201104_161707_499647/FTPdetectinfo_HR0010_20201104_161707_499647.txt,/mnt/local/fiachra/meteor_images/files/RejectedFiles/HR0010_20201104_161707_499647/FTPdetectinfo_HR0010_20201104_161707_499647.txt,both,/mnt/local/fiachra/meteor_images/files/ConfirmedFiles/HR0010_20201104_161707_499647/FF_HR0010_20201105_022609_370_0907520.fits,1
FF_HR0010_20201105_022913_699_0912128_1.png,/mnt/local/fiachra/meteor_images/files/20220211_pngs,/mnt/local/fiachra/meteor_images/files/20220121_pngs/0/FF_HR0010_20201105_022913_699_0912128_1.png,/mnt/local/fiachra/meteor_images/files/ConfirmedFiles/HR0010_20201104_161707_499647,/mnt/local/fiachra/meteor_images/files/RejectedFiles/HR0010_20201104_161707_499647,/mnt/local/fiachra/meteor_images/files/ConfirmedFiles/HR0010_20201104_161707_499647/FTPdetectinfo_HR0010_20201104_161707_499647.txt,/mnt/local/fiachra/meteor_images/files/RejectedFiles/HR0010_20201104_161707_499647/FTPdetectinfo_HR0010_20201104_161707_499647.txt,both,/mnt/local/fiachra/meteor_images/files/ConfirmedFiles/HR0010_20201104_161707_499647/FF_HR0010_20201105_022913_699_0912128.fits,1
FF_HR0010_20201105_024618_499_0937472_1.png,/mnt/local/fiachra/meteor_images/files/20220211_pngs,/mnt/local/fiachra/meteor_images/files/20220121_pngs/0/FF_HR0010_20201105_024618_499_0937472_1.png,/mnt/local/fiachra/meteor_images/files/ConfirmedFiles/HR0010_20201104_161707_499647,/mnt/local/fiachra/meteor_images/files/RejectedFiles/HR0010_20201104_161707_499647,/mnt/local/fiachra/meteor_images/files/ConfirmedFiles/HR0010_20201104_161707_499647/FTPdetectinfo_HR0010_20201104_161707_499647.txt,/mnt/local/fiachra/meteor_images/files/RejectedFiles/HR0010_20201104_161707_499647/FTPdetectinfo_HR0010_20201104_161707_499647.txt,both,/mnt/local/fiachra/meteor_images/files/ConfirmedFiles/HR0010_20201104_161707_499647/FF_HR0010_20201105_024618_499_0937472.fits,1
FF_HR0010_20201105_030332_733_0963328_1.png,/mnt/local/fiachra/meteor_images/files/20220211_pngs,/mnt/local/fiachra/meteor_images/files/20220121_pngs/0/FF_HR0010_20201105_030332_733_0963328_1.png,/mnt/local/fiachra/meteor_images/files/ConfirmedFiles/HR0010_20201104_161707_499647,/mnt/local/fiachra/meteor_images/files/RejectedFiles/HR0010_20201104_161707_499647,/mnt/local/fiachra/meteor_images/files/ConfirmedFiles/HR0010_20201104_161707_499647/FTPdetectinfo_HR0010_20201104_161707_499647.txt,/mnt/local/fiachra/meteor_images/files/RejectedFiles/HR0010_20201104_161707_499647/FTPdetectinfo_HR0010_20201104_161707_499647.txt,both,/mnt/local/fiachra/meteor_images/files/ConfirmedFiles/HR0010_20201104_161707_499647/FF_HR0010_20201105_030332_733_0963328.fits,1
FF_HR0010_20201105_030434_172_0964864_4.png,/mnt/local/fiachra/meteor_images/files/20220211_pngs,/mnt/local/fiachra/meteor_images/files/20220121_pngs/0/FF_HR0010_20201105_030434_172_0964864_4.png,/mnt/local/fiachra/meteor_images/files/ConfirmedFiles/HR0010_20201104_161707_499647,/mnt/local/fiachra/meteor_images/files/RejectedFiles/HR0010_20201104_161707_499647,/mnt/local/fiachra/meteor_images/files/ConfirmedFiles/HR0010_20201104_161707_499647/FTPdetectinfo_HR0010_20201104_161707_499647.txt,/mnt/local/fiachra/meteor_images/files/RejectedFiles/HR0010_20201104_161707_499647/FTPdetectinfo_HR0010_20201104_161707_499647.txt,both,/mnt/local/fiachra/meteor_images/files/ConfirmedFiles/HR0010_20201104_161707_499647/FF_HR0010_20201105_030434_172_0964864.fits,4
FF_HR0010_20201105_030626_809_0967680_1.png,/mnt/local/fiachra/meteor_images/files/20220211_pngs,/mnt/local/fiachra/meteor_images/files/20220121_pngs/0/FF_HR0010_20201105_030626_809_0967680_1.png,/mnt/local/fiachra/meteor_images/files/ConfirmedFiles/HR0010_20201104_161707_499647,/mnt/local/fiachra/meteor_images/files/RejectedFiles/HR0010_20201104_161707_499647,/mnt/local/fiachra/meteor_images/files/ConfirmedFiles/HR0010_20201104_161707_499647/FTPdetectinfo_HR0010_20201104_161707_499647.txt,/mnt/local/fiachra/meteor_images/files/RejectedFiles/HR0010_20201104_161707_499647/FTPdetectinfo_HR0010_20201104_161707_499647.txt,both,/mnt/local/fiachra/meteor_images/files/ConfirmedFiles/HR0010_20201104_161707_499647/FF_HR0010_20201105_030626_809_0967680.fits,1
FF_HR0010_20201105_030809_212_0970240_3.png,/mnt/local/fiachra/meteor_images/files/20220211_pngs,/mnt/local/fiachra/meteor_images/files/20220121_pngs/0/FF_HR0010_20201105_030809_212_0970240_3.png,/mnt/local/fiachra/meteor_images/files/ConfirmedFiles/HR0010_20201104_161707_499647,/mnt/local/fiachra/meteor_images/files/RejectedFiles/HR0010_20201104_161707_499647,/mnt/local/fiachra/meteor_images/files/ConfirmedFiles/HR0010_20201104_161707_499647/FTPdetectinfo_HR0010_20201104_161707_499647.txt,/mnt/local/fiachra/meteor_images/files/RejectedFiles/HR0010_20201104_161707_499647/FTPdetectinfo_HR0010_20201104_161707_499647.txt,both,/mnt/local/fiachra/meteor_images/files/ConfirmedFiles/HR0010_20201104_161707_499647/FF_HR0010_20201105_030809_212_0970240.fits,3
FF_HR0010_20201105_033815_433_1015296_1.png,/mnt/local/fiachra/meteor_images/files/20220211_pngs,/mnt/local/fiachra/meteor_images/files/20220121_pngs/0/FF_HR0010_20201105_033815_433_1015296_1.png,/mnt/local/fiachra/meteor_images/files/ConfirmedFiles/HR0010_20201104_161707_499647,/mnt/local/fiachra/meteor_images/files/RejectedFiles/HR0010_20201104_161707_499647,/mnt/local/fiachra/meteor_images/files/ConfirmedFiles/HR0010_20201104_161707_499647/FTPdetectinfo_HR0010_20201104_161707_499647.txt,/mnt/local/fiachra/meteor_images/files/RejectedFiles/HR0010_20201104_161707_499647/FTPdetectinfo_HR0010_20201104_161707_499647.txt,both,/mnt/local/fiachra/meteor_images/files/ConfirmedFiles/HR0010_20201104_161707_499647/FF_HR0010_20201105_033815_433_1015296.fits,1
FF_NL0001_20210305_211456_288_0284160_2.png,/mnt/local/fiachra/meteor_images/files/20220211_pngs,/mnt/local/fiachra/meteor_images/files/20220121_pngs/0/FF_NL0001_20210305_211456_288_0284160_2.png,/mnt/local/fiachra/meteor_images/files/ConfirmedFiles/NL0001_20210305_180431_177463,/mnt/local/fiachra/meteor_images/files/RejectedFiles/NL0001_20210305_180431_177463,/mnt/local/fiachra/meteor_images/files/ConfirmedFiles/NL0001_20210305_180431_177463/FTPdetectinfo_NL0001_20210305_180431_177463.txt,/mnt/local/fiachra/meteor_images/files/RejectedFiles/NL0001_20210305_180431_177463/FTPdetectinfo_NL0001_20210305_180431_177463.txt,both,/mnt/local/fiachra/meteor_images/files/ConfirmedFiles/NL0001_20210305_180431_177463/FF_NL0001_20210305_211456_288_0284160.fits,2
FF_NL0001_20210403_195518_696_0090624_1.png,/mnt/local/fiachra/meteor_images/files/20220211_pngs,/mnt/local/fiachra/meteor_images/files/20220121_pngs/0/FF_NL0001_20210403_195518_696_0090624_1.png,/mnt/local/fiachra/meteor_images/files/ConfirmedFiles/NL0001_20210403_185436_024217,/mnt/local/fiachra/meteor_images/files/RejectedFiles/NL0001_20210403_185436_024217,/mnt/local/fiachra/meteor_images/files/ConfirmedFiles/NL0001_20210403_185436_024217/FTPdetectinfo_NL0001_20210403_185436_024217.txt,/mnt/local/fiachra/meteor_images/files/RejectedFiles/NL0001_20210403_185436_024217/FTPdetectinfo_NL0001_20210403_185436_024217.txt,both,/mnt/local/fiachra/meteor_images/files/ConfirmedFiles/NL0001_20210403_185436_024217/FF_NL0001_20210403_195518_696_0090624.fits,1
FF_NL0001_20210511_235953_417_0353792_2.png,/mnt/local/fiachra/meteor_images/files/20220211_pngs,/mnt/local/fiachra/meteor_images/files/20220121_pngs/0/FF_NL0001_20210511_235953_417_0353792_2.png,/mnt/local/fiachra/meteor_images/files/ConfirmedFiles/NL0001_20210511_200334_445342,/mnt/local/fiachra/meteor_images/files/RejectedFiles/NL0001_20210511_200334_445342,/mnt/local/fiachra/meteor_images/files/ConfirmedFiles/NL0001_20210511_200334_445342/FTPdetectinfo_NL0001_20210511_200334_445342.txt,/mnt/local/fiachra/meteor_images/files/RejectedFiles/NL0001_20210511_200334_445342/FTPdetectinfo_NL0001_20210511_200334_445342.txt,both,/mnt/local/fiachra/meteor_images/files/ConfirmedFiles/NL0001_20210511_200334_445342/FF_NL0001_20210511_235953_417_0353792.fits,2
FF_NL0001_20210716_234111_679_0275200_1.png,/mnt/local/fiachra/meteor_images/files/20220211_pngs,/mnt/local/fiachra/meteor_images/files/20220121_pngs/0/FF_NL0001_20210716_234111_679_0275200_1.png,/mnt/local/fiachra/meteor_images/files/ConfirmedFiles/NL0001_20210716_203703_129419,/mnt/local/fiachra/meteor_images/files/RejectedFiles/NL0001_20210716_203703_129419,/mnt/local/fiachra/meteor_images/files/ConfirmedFiles/NL0001_20210716_203703_129419/FTPdetectinfo_NL0001_20210716_203703_129419.txt,/mnt/local/fiachra/meteor_images/files/RejectedFiles/NL0001_20210716_203703_129419/FTPdetectinfo_NL0001_20210716_203703_129419.txt,both,/mnt/local/fiachra/meteor_images/files/ConfirmedFiles/NL0001_20210716_203703_129419/FF_NL0001_20210716_234111_679_0275200.fits,1
FF_NL0001_20210717_010353_042_0399104_1.png,/mnt/local/fiachra/meteor_images/files/20220211_pngs,/mnt/local/fiachra/meteor_images/files/20220121_pngs/0/FF_NL0001_20210717_010353_042_0399104_1.png,/mnt/local/fiachra/meteor_images/files/ConfirmedFiles/NL0001_20210716_203703_129419,/mnt/local/fiachra/meteor_images/files/RejectedFiles/NL0001_20210716_203703_129419,/mnt/local/fiachra/meteor_images/files/ConfirmedFiles/NL0001_20210716_203703_129419/FTPdetectinfo_NL0001_20210716_203703_129419.txt,/mnt/local/fiachra/meteor_images/files/RejectedFiles/NL0001_20210716_203703_129419/FTPdetectinfo_NL0001_20210716_203703_129419.txt,both,/mnt/local/fiachra/meteor_images/files/ConfirmedFiles/NL0001_20210716_203703_129419/FF_NL0001_20210717_010353_042_0399104.fits,1
FF_NL0001_20210729_011156_440_0439040_1.png,/mnt/local/fiachra/meteor_images/files/20220211_pngs,/mnt/local/fiachra/meteor_images/files/20220121_pngs/0/FF_NL0001_20210729_011156_440_0439040_1.png,/mnt/local/fiachra/meteor_images/files/ConfirmedFiles/NL0001_20210728_201839_179274,/mnt/local/fiachra/meteor_images/files/RejectedFiles/NL0001_20210728_201839_179274,/mnt/local/fiachra/meteor_images/files/ConfirmedFiles/NL0001_20210728_201839_179274/FTPdetectinfo_NL0001_20210728_201839_179274.txt,/mnt/local/fiachra/meteor_images/files/RejectedFiles/NL0001_20210728_201839_179274/FTPdetectinfo_NL0001_20210728_201839_179274.txt,both,/mnt/local/fiachra/meteor_images/files/ConfirmedFiles/NL0001_20210728_201839_179274/FF_NL0001_20210729_011156_440_0439040.fits,1
FF_NL0001_20210801_023127_103_0565248_1.png,/mnt/local/fiachra/meteor_images/files/20220211_pngs,/mnt/local/fiachra/meteor_images/files/20220121_pngs/0/FF_NL0001_20210801_023127_103_0565248_1.png,/mnt/local/fiachra/meteor_images/files/ConfirmedFiles/NL0001_20210731_201314_338638,/mnt/local/fiachra/meteor_images/files/RejectedFiles/NL0001_20210731_201314_338638,/mnt/local/fiachra/meteor_images/files/ConfirmedFiles/NL0001_20210731_201314_338638/FTPdetectinfo_NL0001_20210731_201314_338638.txt,/mnt/local/fiachra/meteor_images/files/RejectedFiles/NL0001_20210731_201314_338638/FTPdetectinfo_NL0001_20210731_201314_338638.txt,both,/mnt/local/fiachra/meteor_images/files/ConfirmedFiles/NL0001_20210731_201314_338638/FF_NL0001_20210801_023127_103_0565248.fits,1
FF_NL0001_20210804_010649_782_0445696_1.png,/mnt/local/fiachra/meteor_images/files/20220211_pngs,/mnt/local/fiachra/meteor_images/files/20220121_pngs/0/FF_NL0001_20210804_010649_782_0445696_1.png,/mnt/local/fiachra/meteor_images/files/ConfirmedFiles/NL0001_20210803_200734_456611,/mnt/local/fiachra/meteor_images/files/RejectedFiles/NL0001_20210803_200734_456611,/mnt/local/fiachra/meteor_images/files/ConfirmedFiles/NL0001_20210803_200734_456611/FTPdetectinfo_NL0001_20210803_200734_456611.txt,/mnt/local/fiachra/meteor_images/files/RejectedFiles/NL0001_20210803_200734_456611/FTPdetectinfo_NL0001_20210803_200734_456611.txt,both,/mnt/local/fiachra/meteor_images/files/ConfirmedFiles/NL0001_20210803_200734_456611/FF_NL0001_20210804_010649_782_0445696.fits,1
FF_NL0001_20210808_223343_438_0232960_1.png,/mnt/local/fiachra/meteor_images/files/20220211_pngs,/mnt/local/fiachra/meteor_images/files/20220121_pngs/0/FF_NL0001_20210808_223343_438_0232960_1.png,/mnt/local/fiachra/meteor_images/files/ConfirmedFiles/NL0001_20210808_195738_347427,/mnt/local/fiachra/meteor_images/files/RejectedFiles/NL0001_20210808_195738_347427,/mnt/local/fiachra/meteor_images/files/ConfirmedFiles/NL0001_20210808_195738_347427/FTPdetectinfo_NL0001_20210808_195738_347427.txt,/mnt/local/fiachra/meteor_images/files/RejectedFiles/NL0001_20210808_195738_347427/FTPdetectinfo_NL0001_20210808_195738_347427.txt,both,/mnt/local/fiachra/meteor_images/files/ConfirmedFiles/NL0001_20210808_195738_347427/FF_NL0001_20210808_223343_438_0232960.fits,1
FF_NL0001_20210812_204507_259_0083200_2.png,/mnt/local/fiachra/meteor_images/files/20220211_pngs,/mnt/local/fiachra/meteor_images/files/20220121_pngs/0/FF_NL0001_20210812_204507_259_0083200_2.png,/mnt/local/fiachra/meteor_images/files/ConfirmedFiles/NL0001_20210812_194918_721088,/mnt/local/fiachra/meteor_images/files/RejectedFiles/NL0001_20210812_194918_721088,/mnt/local/fiachra/meteor_images/files/ConfirmedFiles/NL0001_20210812_194918_721088/FTPdetectinfo_NL0001_20210812_194918_721088.txt,/mnt/local/fiachra/meteor_images/files/RejectedFiles/NL0001_20210812_194918_721088/FTPdetectinfo_NL0001_20210812_194918_721088.txt,both,/mnt/local/fiachra/meteor_images/files/ConfirmedFiles/NL0001_20210812_194918_721088/FF_NL0001_20210812_204507_259_0083200.fits,2
FF_NL0001_20210813_214224_296_0172032_1.png,/mnt/local/fiachra/meteor_images/files/20220211_pngs,/mnt/local/fiachra/meteor_images/files/20220121_pngs/0/FF_NL0001_20210813_214224_296_0172032_1.png,/mnt/local/fiachra/meteor_images/files/ConfirmedFiles/NL0001_20210813_194712_995429,/mnt/local/fiachra/meteor_images/files/RejectedFiles/NL0001_20210813_194712_995429,/mnt/local/fiachra/meteor_images/files/ConfirmedFiles/NL0001_20210813_194712_995429/FTPdetectinfo_NL0001_20210813_194712_995429.txt,/mnt/local/fiachra/meteor_images/files/RejectedFiles/NL0001_20210813_194712_995429/FTPdetectinfo_NL0001_20210813_194712_995429.txt,both,/mnt/local/fiachra/meteor_images/files/ConfirmedFiles/NL0001_20210813_194712_995429/FF_NL0001_20210813_214224_296_0172032.fits,1
FF_NL0001_20210813_223945_995_0258048_3.png,/mnt/local/fiachra/meteor_images/files/20220211_pngs,/mnt/local/fiachra/meteor_images/files/20220121_pngs/0/FF_NL0001_20210813_223945_995_0258048_3.png,/mnt/local/fiachra/meteor_images/files/ConfirmedFiles/NL0001_20210813_194712_995429,/mnt/local/fiachra/meteor_images/files/RejectedFiles/NL0001_20210813_194712_995429,/mnt/local/fiachra/meteor_images/files/ConfirmedFiles/NL0001_20210813_194712_995429/FTPdetectinfo_NL0001_20210813_194712_995429.txt,/mnt/local/fiachra/meteor_images/files/RejectedFiles/NL0001_20210813_194712_995429/FTPdetectinfo_NL0001_20210813_194712_995429.txt,both,/mnt/local/fiachra/meteor_images/files/ConfirmedFiles/NL0001_20210813_194712_995429/FF_NL0001_20210813_223945_995_0258048.fits,3
FF_NL0001_20210815_220800_250_0216832_2.png,/mnt/local/fiachra/meteor_images/files/20220211_pngs,/mnt/local/fiachra/meteor_images/files/20220121_pngs/0/FF_NL0001_20210815_220800_250_0216832_2.png,/mnt/local/fiachra/meteor_images/files/ConfirmedFiles/NL0001_20210815_194251_895974,/mnt/local/fiachra/meteor_images/files/RejectedFiles/NL0001_20210815_194251_895974,/mnt/local/fiachra/meteor_images/files/ConfirmedFiles/NL0001_20210815_194251_895974/FTPdetectinfo_NL0001_20210815_194251_895974.txt,/mnt/local/fiachra/meteor_images/files/RejectedFiles/NL0001_20210815_194251_895974/FTPdetectinfo_NL0001_20210815_194251_895974.txt,both,/mnt/local/fiachra/meteor_images/files/ConfirmedFiles/NL0001_20210815_194251_895974/FF_NL0001_20210815_220800_250_0216832.fits,2
FF_NL0001_20210824_203109_493_0101888_1.png,/mnt/local/fiachra/meteor_images/files/20220211_pngs,/mnt/local/fiachra/meteor_images/files/20220121_pngs/0/FF_NL0001_20210824_203109_493_0101888_1.png,/mnt/local/fiachra/meteor_images/files/ConfirmedFiles/NL0001_20210824_192245_938393,/mnt/local/fiachra/meteor_images/files/RejectedFiles/NL0001_20210824_192245_938393,/mnt/local/fiachra/meteor_images/files/ConfirmedFiles/NL0001_20210824_192245_938393/FTPdetectinfo_NL0001_20210824_192245_938393.txt,/mnt/local/fiachra/meteor_images/files/RejectedFiles/NL0001_20210824_192245_938393/FTPdetectinfo_NL0001_20210824_192245_938393.txt,both,/mnt/local/fiachra/meteor_images/files/ConfirmedFiles/NL0001_20210824_192245_938393/FF_NL0001_20210824_203109_493_0101888.fits,1
FF_NL0001_20210825_013352_654_0555264_1.png,/mnt/local/fiachra/meteor_images/files/20220211_pngs,/mnt/local/fiachra/meteor_images/files/20220121_pngs/0/FF_NL0001_20210825_013352_654_0555264_1.png,/mnt/local/fiachra/meteor_images/files/ConfirmedFiles/NL0001_20210824_192245_938393,/mnt/local/fiachra/meteor_images/files/RejectedFiles/NL0001_20210824_192245_938393,/mnt/local/fiachra/meteor_images/files/ConfirmedFiles/NL0001_20210824_192245_938393/FTPdetectinfo_NL0001_20210824_192245_938393.txt,/mnt/local/fiachra/meteor_images/files/RejectedFiles/NL0001_20210824_192245_938393/FTPdetectinfo_NL0001_20210824_192245_938393.txt,both,/mnt/local/fiachra/meteor_images/files/ConfirmedFiles/NL0001_20210824_192245_938393/FF_NL0001_20210825_013352_654_0555264.fits,1
FF_NL0001_20210825_033215_557_0732416_1.png,/mnt/local/fiachra/meteor_images/files/20220211_pngs,/mnt/local/fiachra/meteor_images/files/20220121_pngs/0/FF_NL0001_20210825_033215_557_0732416_1.png,/mnt/local/fiachra/meteor_images/files/ConfirmedFiles/NL0001_20210824_192245_938393,/mnt/local/fiachra/meteor_images/files/RejectedFiles/NL0001_20210824_192245_938393,/mnt/local/fiachra/meteor_images/files/ConfirmedFiles/NL0001_20210824_192245_938393/FTPdetectinfo_NL0001_20210824_192245_938393.txt,/mnt/local/fiachra/meteor_images/files/RejectedFiles/NL0001_20210824_192245_938393/FTPdetectinfo_NL0001_20210824_192245_938393.txt,both,/mnt/local/fiachra/meteor_images/files/ConfirmedFiles/NL0001_20210824_192245_938393/FF_NL0001_20210825_033215_557_0732416.fits,1
FF_NL0001_20210828_215449_546_0240640_2.png,/mnt/local/fiachra/meteor_images/files/20220211_pngs,/mnt/local/fiachra/meteor_images/files/20220121_pngs/0/FF_NL0001_20210828_215449_546_0240640_2.png,/mnt/local/fiachra/meteor_images/files/ConfirmedFiles/NL0001_20210828_191333_763701,/mnt/local/fiachra/meteor_images/files/RejectedFiles/NL0001_20210828_191333_763701,/mnt/local/fiachra/meteor_images/files/ConfirmedFiles/NL0001_20210828_191333_763701/FTPdetectinfo_NL0001_20210828_191333_763701.txt,/mnt/local/fiachra/meteor_images/files/RejectedFiles/NL0001_20210828_191333_763701/FTPdetectinfo_NL0001_20210828_191333_763701.txt,both,/mnt/local/fiachra/meteor_images/files/ConfirmedFiles/NL0001_20210828_191333_763701/FF_NL0001_20210828_215449_546_0240640.fits,2
FF_NL0001_20210828_215733_386_0244736_1.png,/mnt/local/fiachra/meteor_images/files/20220211_pngs,/mnt/local/fiachra/meteor_images/files/20220121_pngs/0/FF_NL0001_20210828_215733_386_0244736_1.png,/mnt/local/fiachra/meteor_images/files/ConfirmedFiles/NL0001_20210828_191333_763701,/mnt/local/fiachra/meteor_images/files/RejectedFiles/NL0001_20210828_191333_763701,/mnt/local/fiachra/meteor_images/files/ConfirmedFiles/NL0001_20210828_191333_763701/FTPdetectinfo_NL0001_20210828_191333_763701.txt,/mnt/local/fiachra/meteor_images/files/RejectedFiles/NL0001_20210828_191333_763701/FTPdetectinfo_NL0001_20210828_191333_763701.txt,both,/mnt/local/fiachra/meteor_images/files/ConfirmedFiles/NL0001_20210828_191333_763701/FF_NL0001_20210828_215733_386_0244736.fits,1
FF_NL0001_20210910_192548_018_0063744_1.png,/mnt/local/fiachra/meteor_images/files/20220211_pngs,/mnt/local/fiachra/meteor_images/files/20220121_pngs/0/FF_NL0001_20210910_192548_018_0063744_1.png,/mnt/local/fiachra/meteor_images/files/ConfirmedFiles/NL0001_20210910_184303_239956,/mnt/local/fiachra/meteor_images/files/RejectedFiles/NL0001_20210910_184303_239956,/mnt/local/fiachra/meteor_images/files/ConfirmedFiles/NL0001_20210910_184303_239956/FTPdetectinfo_NL0001_20210910_184303_239956.txt,/mnt/local/fiachra/meteor_images/files/RejectedFiles/NL0001_20210910_184303_239956/FTPdetectinfo_NL0001_20210910_184303_239956.txt,both,/mnt/local/fiachra/meteor_images/files/ConfirmedFiles/NL0001_20210910_184303_239956/FF_NL0001_20210910_192548_018_0063744.fits,1
FF_NL0001_20210923_032035_622_0816384_1.png,/mnt/local/fiachra/meteor_images/files/20220211_pngs,/mnt/local/fiachra/meteor_images/files/20220121_pngs/0/FF_NL0001_20210923_032035_622_0816384_1.png,/mnt/local/fiachra/meteor_images/files/ConfirmedFiles/NL0001_20210922_181448_922940,/mnt/local/fiachra/meteor_images/files/RejectedFiles/NL0001_20210922_181448_922940,/mnt/local/fiachra/meteor_images/files/ConfirmedFiles/NL0001_20210922_181448_922940/FTPdetectinfo_NL0001_20210922_181448_922940.txt,/mnt/local/fiachra/meteor_images/files/RejectedFiles/NL0001_20210922_181448_922940/FTPdetectinfo_NL0001_20210922_181448_922940.txt,both,/mnt/local/fiachra/meteor_images/files/ConfirmedFiles/NL0001_20210922_181448_922940/FF_NL0001_20210923_032035_622_0816384.fits,1
FF_NL0001_20210923_185929_557_0069888_2.png,/mnt/local/fiachra/meteor_images/files/20220211_pngs,/mnt/local/fiachra/meteor_images/files/20220121_pngs/0/FF_NL0001_20210923_185929_557_0069888_2.png,/mnt/local/fiachra/meteor_images/files/ConfirmedFiles/NL0001_20210923_181229_007144,/mnt/local/fiachra/meteor_images/files/RejectedFiles/NL0001_20210923_181229_007144,/mnt/local/fiachra/meteor_images/files/ConfirmedFiles/NL0001_20210923_181229_007144/FTPdetectinfo_NL0001_20210923_181229_007144.txt,/mnt/local/fiachra/meteor_images/files/RejectedFiles/NL0001_20210923_181229_007144/FTPdetectinfo_NL0001_20210923_181229_007144.txt,both,/mnt/local/fiachra/meteor_images/files/ConfirmedFiles/NL0001_20210923_181229_007144/FF_NL0001_20210923_185929_557_0069888.fits,2
FF_NL0001_20210923_235659_503_0515584_1.png,/mnt/local/fiachra/meteor_images/files/20220211_pngs,/mnt/local/fiachra/meteor_images/files/20220121_pngs/0/FF_NL0001_20210923_235659_503_0515584_1.png,/mnt/local/fiachra/meteor_images/files/ConfirmedFiles/NL0001_20210923_181229_007144,/mnt/local/fiachra/meteor_images/files/RejectedFiles/NL0001_20210923_181229_007144,/mnt/local/fiachra/meteor_images/files/ConfirmedFiles/NL0001_20210923_181229_007144/FTPdetectinfo_NL0001_20210923_181229_007144.txt,/mnt/local/fiachra/meteor_images/files/RejectedFiles/NL0001_20210923_181229_007144/FTPdetectinfo_NL0001_20210923_181229_007144.txt,both,/mnt/local/fiachra/meteor_images/files/ConfirmedFiles/NL0001_20210923_181229_007144/FF_NL0001_20210923_235659_503_0515584.fits,1
FF_NL0009_20210113_003740_499_0680448_3.png,/mnt/local/fiachra/meteor_images/files/20220211_pngs,/mnt/local/fiachra/meteor_images/files/20220121_pngs/0/FF_NL0009_20210113_003740_499_0680448_3.png,/mnt/local/fiachra/meteor_images/files/ConfirmedFiles/NL0009_20210112_163821_897697,/mnt/local/fiachra/meteor_images/files/RejectedFiles/NL0009_20210112_163821_897697,/mnt/local/fiachra/meteor_images/files/ConfirmedFiles/NL0009_20210112_163821_897697/FTPdetectinfo_NL0009_20210112_163821_897697.txt,/mnt/local/fiachra/meteor_images/files/RejectedFiles/NL0009_20210112_163821_897697/FTPdetectinfo_NL0009_20210112_163821_897697.txt,both,/mnt/local/fiachra/meteor_images/files/ConfirmedFiles/NL0009_20210112_163821_897697/FF_NL0009_20210113_003740_499_0680448.fits,3
FF_NL0009_20210113_014822_280_0781056_2.png,/mnt/local/fiachra/meteor_images/files/20220211_pngs,/mnt/local/fiachra/meteor_images/files/20220121_pngs/0/FF_NL0009_20210113_014822_280_0781056_2.png,/mnt/local/fiachra/meteor_images/files/ConfirmedFiles/NL0009_20210112_163821_897697,/mnt/local/fiachra/meteor_images/files/RejectedFiles/NL0009_20210112_163821_897697,/mnt/local/fiachra/meteor_images/files/ConfirmedFiles/NL0009_20210112_163821_897697/FTPdetectinfo_NL0009_20210112_163821_897697.txt,/mnt/local/fiachra/meteor_images/files/RejectedFiles/NL0009_20210112_163821_897697/FTPdetectinfo_NL0009_20210112_163821_897697.txt,both,/mnt/local/fiachra/meteor_images/files/ConfirmedFiles/NL0009_20210112_163821_897697/FF_NL0009_20210113_014822_280_0781056.fits,2
FF_NL0009_20210113_031319_241_0900864_4.png,/mnt/local/fiachra/meteor_images/files/20220211_pngs,/mnt/local/fiachra/meteor_images/files/20220121_pngs/0/FF_NL0009_20210113_031319_241_0900864_4.png,/mnt/local/fiachra/meteor_images/files/ConfirmedFiles/NL0009_20210112_163821_897697,/mnt/local/fiachra/meteor_images/files/RejectedFiles/NL0009_20210112_163821_897697,/mnt/local/fiachra/meteor_images/files/ConfirmedFiles/NL0009_20210112_163821_897697/FTPdetectinfo_NL0009_20210112_163821_897697.txt,/mnt/local/fiachra/meteor_images/files/RejectedFiles/NL0009_20210112_163821_897697/FTPdetectinfo_NL0009_20210112_163821_897697.txt,both,/mnt/local/fiachra/meteor_images/files/ConfirmedFiles/NL0009_20210112_163821_897697/FF_NL0009_20210113_031319_241_0900864.fits,4
FF_NL0009_20210113_041719_669_0990976_1.png,/mnt/local/fiachra/meteor_images/files/20220211_pngs,/mnt/local/fiachra/meteor_images/files/20220121_pngs/0/FF_NL0009_20210113_041719_669_0990976_1.png,/mnt/local/fiachra/meteor_images/files/ConfirmedFiles/NL0009_20210112_163821_897697,/mnt/local/fiachra/meteor_images/files/RejectedFiles/NL0009_20210112_163821_897697,/mnt/local/fiachra/meteor_images/files/ConfirmedFiles/NL0009_20210112_163821_897697/FTPdetectinfo_NL0009_20210112_163821_897697.txt,/mnt/local/fiachra/meteor_images/files/RejectedFiles/NL0009_20210112_163821_897697/FTPdetectinfo_NL0009_20210112_163821_897697.txt,both,/mnt/local/fiachra/meteor_images/files/ConfirmedFiles/NL0009_20210112_163821_897697/FF_NL0009_20210113_041719_669_0990976.fits,1
FF_NL0009_20210126_040458_533_0992512_3.png,/mnt/local/fiachra/meteor_images/files/20220211_pngs,/mnt/local/fiachra/meteor_images/files/20220121_pngs/0/FF_NL0009_20210126_040458_533_0992512_3.png,/mnt/local/fiachra/meteor_images/files/ConfirmedFiles/NL0009_20210125_165755_343149,/mnt/local/fiachra/meteor_images/files/RejectedFiles/UK0006_20210103_164700_971407/NL0009_20210125_165755_343149,/mnt/local/fiachra/meteor_images/files/ConfirmedFiles/NL0009_20210125_165755_343149/FTPdetectinfo_NL0009_20210125_165755_343149.txt,/mnt/local/fiachra/meteor_images/files/RejectedFiles/UK0006_20210103_164700_971407/NL0009_20210125_165755_343149/FTPdetectinfo_NL0009_20210125_165755_343149.txt,both,/mnt/local/fiachra/meteor_images/files/ConfirmedFiles/NL0009_20210125_165755_343149/FF_NL0009_20210126_040458_533_0992512.fits,3
FF_NL0009_20210216_051511_013_1037056_1.png,/mnt/local/fiachra/meteor_images/files/20220211_pngs,/mnt/local/fiachra/meteor_images/files/20220121_pngs/0/FF_NL0009_20210216_051511_013_1037056_1.png,/mnt/local/fiachra/meteor_images/files/ConfirmedFiles/NL0009_20210215_173330_298155,/mnt/local/fiachra/meteor_images/files/RejectedFiles/NL0009_20210215_173330_298155,/mnt/local/fiachra/meteor_images/files/ConfirmedFiles/NL0009_20210215_173330_298155/FTPdetectinfo_NL0009_20210215_173330_298155.txt,/mnt/local/fiachra/meteor_images/files/RejectedFiles/NL0009_20210215_173330_298155/FTPdetectinfo_NL0009_20210215_173330_298155.txt,both,/mnt/local/fiachra/meteor_images/files/ConfirmedFiles/NL0009_20210215_173330_298155/FF_NL0009_20210216_051511_013_1037056.fits,1
FF_NL0009_20210218_053433_609_1060352_1.png,/mnt/local/fiachra/meteor_images/files/20220211_pngs,/mnt/local/fiachra/meteor_images/files/20220121_pngs/0/FF_NL0009_20210218_053433_609_1060352_1.png,/mnt/local/fiachra/meteor_images/files/ConfirmedFiles/NL0009_20210217_173657_011816,/mnt/local/fiachra/meteor_images/files/RejectedFiles/NL0009_20210217_173657_011816,/mnt/local/fiachra/meteor_images/files/ConfirmedFiles/NL0009_20210217_173657_011816/FTPdetectinfo_NL0009_20210217_173657_011816.txt,/mnt/local/fiachra/meteor_images/files/RejectedFiles/NL0009_20210217_173657_011816/FTPdetectinfo_NL0009_20210217_173657_011816.txt,both,/mnt/local/fiachra/meteor_images/files/ConfirmedFiles/NL0009_20210217_173657_011816/FF_NL0009_20210218_053433_609_1060352.fits,1
FF_NL0009_20210218_224519_872_0186368_1.png,/mnt/local/fiachra/meteor_images/files/20220211_pngs,/mnt/local/fiachra/meteor_images/files/20220121_pngs/0/FF_NL0009_20210218_224519_872_0186368_1.png,/mnt/local/fiachra/meteor_images/files/ConfirmedFiles/NL0009_20210218_173841_767041,/mnt/local/fiachra/meteor_images/files/RejectedFiles/NL0009_20210218_173841_767041,/mnt/local/fiachra/meteor_images/files/ConfirmedFiles/NL0009_20210218_173841_767041/FTPdetectinfo_NL0009_20210218_173841_767041.txt,/mnt/local/fiachra/meteor_images/files/RejectedFiles/NL0009_20210218_173841_767041/FTPdetectinfo_NL0009_20210218_173841_767041.txt,both,/mnt/local/fiachra/meteor_images/files/ConfirmedFiles/NL0009_20210218_173841_767041/FF_NL0009_20210218_224519_872_0186368.fits,1
FF_NL0009_20210219_031334_885_0283392_1.png,/mnt/local/fiachra/meteor_images/files/20220211_pngs,/mnt/local/fiachra/meteor_images/files/20220121_pngs/0/FF_NL0009_20210219_031334_885_0283392_1.png,/mnt/local/fiachra/meteor_images/files/ConfirmedFiles/NL0009_20210218_173841_767041,/mnt/local/fiachra/meteor_images/files/RejectedFiles/NL0009_20210218_173841_767041,/mnt/local/fiachra/meteor_images/files/ConfirmedFiles/NL0009_20210218_173841_767041/FTPdetectinfo_NL0009_20210218_173841_767041.txt,/mnt/local/fiachra/meteor_images/files/RejectedFiles/NL0009_20210218_173841_767041/FTPdetectinfo_NL0009_20210218_173841_767041.txt,both,/mnt/local/fiachra/meteor_images/files/ConfirmedFiles/NL0009_20210218_173841_767041/FF_NL0009_20210219_031334_885_0283392.fits,1
FF_NL0009_20210219_032410_772_0287232_1.png,/mnt/local/fiachra/meteor_images/files/20220211_pngs,/mnt/local/fiachra/meteor_images/files/20220121_pngs/0/FF_NL0009_20210219_032410_772_0287232_1.png,/mnt/local/fiachra/meteor_images/files/ConfirmedFiles/NL0009_20210218_173841_767041,/mnt/local/fiachra/meteor_images/files/RejectedFiles/NL0009_20210218_173841_767041,/mnt/local/fiachra/meteor_images/files/ConfirmedFiles/NL0009_20210218_173841_767041/FTPdetectinfo_NL0009_20210218_173841_767041.txt,/mnt/local/fiachra/meteor_images/files/RejectedFiles/NL0009_20210218_173841_767041/FTPdetectinfo_NL0009_20210218_173841_767041.txt,both,/mnt/local/fiachra/meteor_images/files/ConfirmedFiles/NL0009_20210218_173841_767041/FF_NL0009_20210219_032410_772_0287232.fits,1
FF_NL0009_20210219_033008_586_0288768_1.png,/mnt/local/fiachra/meteor_images/files/20220211_pngs,/mnt/local/fiachra/meteor_images/files/20220121_pngs/0/FF_NL0009_20210219_033008_586_0288768_1.png,/mnt/local/fiachra/meteor_images/files/ConfirmedFiles/NL0009_20210218_173841_767041,/mnt/local/fiachra/meteor_images/files/RejectedFiles/NL0009_20210218_173841_767041,/mnt/local/fiachra/meteor_images/files/ConfirmedFiles/NL0009_20210218_173841_767041/FTPdetectinfo_NL0009_20210218_173841_767041.txt,/mnt/local/fiachra/meteor_images/files/RejectedFiles/NL0009_20210218_173841_767041/FTPdetectinfo_NL0009_20210218_173841_767041.txt,both,/mnt/local/fiachra/meteor_images/files/ConfirmedFiles/NL0009_20210218_173841_767041/FF_NL0009_20210219_033008_586_0288768.fits,1
FF_NL0009_20210319_030649_706_0779776_1.png,/mnt/local/fiachra/meteor_images/files/20220211_pngs,/mnt/local/fiachra/meteor_images/files/20220121_pngs/0/FF_NL0009_20210319_030649_706_0779776_1.png,/mnt/local/fiachra/meteor_images/files/ConfirmedFiles/NL0009_20210318_182648_037505,/mnt/local/fiachra/meteor_images/files/RejectedFiles/NL0009_20210318_182648_037505,/mnt/local/fiachra/meteor_images/files/ConfirmedFiles/NL0009_20210318_182648_037505/FTPdetectinfo_NL0009_20210318_182648_037505.txt,/mnt/local/fiachra/meteor_images/files/RejectedFiles/NL0009_20210318_182648_037505/FTPdetectinfo_NL0009_20210318_182648_037505.txt,both,/mnt/local/fiachra/meteor_images/files/ConfirmedFiles/NL0009_20210318_182648_037505/FF_NL0009_20210319_030649_706_0779776.fits,1
FF_NL0009_20210406_035838_064_0810496_1.png,/mnt/local/fiachra/meteor_images/files/20220211_pngs,/mnt/local/fiachra/meteor_images/files/20220121_pngs/0/FF_NL0009_20210406_035838_064_0810496_1.png,/mnt/local/fiachra/meteor_images/files/ConfirmedFiles/NL0009_20210405_185807_989755,/mnt/local/fiachra/meteor_images/files/RejectedFiles/NL0009_20210405_185807_989755,/mnt/local/fiachra/meteor_images/files/ConfirmedFiles/NL0009_20210405_185807_989755/FTPdetectinfo_NL0009_20210405_185807_989755.txt,/mnt/local/fiachra/meteor_images/files/RejectedFiles/NL0009_20210405_185807_989755/FTPdetectinfo_NL0009_20210405_185807_989755.txt,both,/mnt/local/fiachra/meteor_images/files/ConfirmedFiles/NL0009_20210405_185807_989755/FF_NL0009_20210406_035838_064_0810496.fits,1
FF_NL0009_20210729_000259_773_0335872_1.png,/mnt/local/fiachra/meteor_images/files/20220211_pngs,/mnt/local/fiachra/meteor_images/files/20220121_pngs/0/FF_NL0009_20210729_000259_773_0335872_1.png,/mnt/local/fiachra/meteor_images/files/ConfirmedFiles/NL0009_20210728_201838_061446,/mnt/local/fiachra/meteor_images/files/RejectedFiles/NL0009_20210728_201838_061446,/mnt/local/fiachra/meteor_images/files/ConfirmedFiles/NL0009_20210728_201838_061446/FTPdetectinfo_NL0009_20210728_201838_061446.txt,/mnt/local/fiachra/meteor_images/files/RejectedFiles/NL0009_20210728_201838_061446/FTPdetectinfo_NL0009_20210728_201838_061446.txt,both,/mnt/local/fiachra/meteor_images/files/ConfirmedFiles/NL0009_20210728_201838_061446/FF_NL0009_20210729_000259_773_0335872.fits,1
FF_NL0009_20210902_210027_304_0177152_2.png,/mnt/local/fiachra/meteor_images/files/20220211_pngs,/mnt/local/fiachra/meteor_images/files/20220121_pngs/0/FF_NL0009_20210902_210027_304_0177152_2.png,/mnt/local/fiachra/meteor_images/files/ConfirmedFiles/NL0009_20210902_190153_402938,/mnt/local/fiachra/meteor_images/files/RejectedFiles/NL0009_20210902_190153_402938,/mnt/local/fiachra/meteor_images/files/ConfirmedFiles/NL0009_20210902_190153_402938/FTPdetectinfo_NL0009_20210902_190153_402938.txt,/mnt/local/fiachra/meteor_images/files/RejectedFiles/NL0009_20210902_190153_402938/FTPdetectinfo_NL0009_20210902_190153_402938.txt,both,/mnt/local/fiachra/meteor_images/files/ConfirmedFiles/NL0009_20210902_190153_402938/FF_NL0009_20210902_210027_304_0177152.fits,2
FF_NL0009_20210902_212533_140_0214784_1.png,/mnt/local/fiachra/meteor_images/files/20220211_pngs,/mnt/local/fiachra/meteor_images/files/20220121_pngs/0/FF_NL0009_20210902_212533_140_0214784_1.png,/mnt/local/fiachra/meteor_images/files/ConfirmedFiles/NL0009_20210902_190153_402938,/mnt/local/fiachra/meteor_images/files/RejectedFiles/NL0009_20210902_190153_402938,/mnt/local/fiachra/meteor_images/files/ConfirmedFiles/NL0009_20210902_190153_402938/FTPdetectinfo_NL0009_20210902_190153_402938.txt,/mnt/local/fiachra/meteor_images/files/RejectedFiles/NL0009_20210902_190153_402938/FTPdetectinfo_NL0009_20210902_190153_402938.txt,both,/mnt/local/fiachra/meteor_images/files/ConfirmedFiles/NL0009_20210902_190153_402938/FF_NL0009_20210902_212533_140_0214784.fits,1
FF_NL0009_20210922_194521_786_0134912_2.png,/mnt/local/fiachra/meteor_images/files/20220211_pngs,/mnt/local/fiachra/meteor_images/files/20220121_pngs/0/FF_NL0009_20210922_194521_786_0134912_2.png,/mnt/local/fiachra/meteor_images/files/ConfirmedFiles/NL0009_20210922_181447_513464,/mnt/local/fiachra/meteor_images/files/RejectedFiles/NL0009_20210922_181447_513464,/mnt/local/fiachra/meteor_images/files/ConfirmedFiles/NL0009_20210922_181447_513464/FTPdetectinfo_NL0009_20210922_181447_513464.txt,/mnt/local/fiachra/meteor_images/files/RejectedFiles/NL0009_20210922_181447_513464/FTPdetectinfo_NL0009_20210922_181447_513464.txt,both,/mnt/local/fiachra/meteor_images/files/ConfirmedFiles/NL0009_20210922_181447_513464/FF_NL0009_20210922_194521_786_0134912.fits,2
FF_SK0002_20211216_232147_850_0704256_2.png,/mnt/local/fiachra/meteor_images/files/20220211_pngs,/mnt/local/fiachra/meteor_images/files/20220121_pngs/0/FF_SK0002_20211216_232147_850_0704256_2.png,/mnt/local/fiachra/meteor_images/files/ConfirmedFiles/SK0002_20211216_153147_215553,/mnt/local/fiachra/meteor_images/files/RejectedFiles/SK0002_20211216_153147_215553,/mnt/local/fiachra/meteor_images/files/ConfirmedFiles/SK0002_20211216_153147_215553/FTPdetectinfo_SK0002_20211216_153147_215553.txt,/mnt/local/fiachra/meteor_images/files/RejectedFiles/SK0002_20211216_153147_215553/FTPdetectinfo_SK0002_20211216_153147_215553.txt,both,/mnt/local/fiachra/meteor_images/files/ConfirmedFiles/SK0002_20211216_153147_215553/FF_SK0002_20211216_232147_850_0704256.fits,2
FF_US0002_20201026_014904_517_0096768_2.png,/mnt/local/fiachra/meteor_images/files/20220211_pngs,/mnt/local/fiachra/meteor_images/files/20220121_pngs/0/FF_US0002_20201026_014904_517_0096768_2.png,/mnt/local/fiachra/meteor_images/files/ConfirmedFiles/US0002_20201026_004424_667357,/mnt/local/fiachra/meteor_images/files/RejectedFiles/US0002_20201026_004424_667357,/mnt/local/fiachra/meteor_images/files/ConfirmedFiles/US0002_20201026_004424_667357/FTPdetectinfo_US0002_20201026_004424_667357.txt,/mnt/local/fiachra/meteor_images/files/RejectedFiles/US0002_20201026_004424_667357/FTPdetectinfo_US0002_20201026_004424_667357.txt,both,/mnt/local/fiachra/meteor_images/files/ConfirmedFiles/US0002_20201026_004424_667357/FF_US0002_20201026_014904_517_0096768.fits,2
FF_US0002_20201026_030058_803_0204544_2.png,/mnt/local/fiachra/meteor_images/files/20220211_pngs,/mnt/local/fiachra/meteor_images/files/20220121_pngs/0/FF_US0002_20201026_030058_803_0204544_2.png,/mnt/local/fiachra/meteor_images/files/ConfirmedFiles/US0002_20201026_004424_667357,/mnt/local/fiachra/meteor_images/files/RejectedFiles/US0002_20201026_004424_667357,/mnt/local/fiachra/meteor_images/files/ConfirmedFiles/US0002_20201026_004424_667357/FTPdetectinfo_US0002_20201026_004424_667357.txt,/mnt/local/fiachra/meteor_images/files/RejectedFiles/US0002_20201026_004424_667357/FTPdetectinfo_US0002_20201026_004424_667357.txt,both,/mnt/local/fiachra/meteor_images/files/ConfirmedFiles/US0002_20201026_004424_667357/FF_US0002_20201026_030058_803_0204544.fits,2
FF_US0002_20201026_104339_797_0898048_3.png,/mnt/local/fiachra/meteor_images/files/20220211_pngs,/mnt/local/fiachra/meteor_images/files/20220121_pngs/0/FF_US0002_20201026_104339_797_0898048_3.png,/mnt/local/fiachra/meteor_images/files/ConfirmedFiles/US0002_20201026_004424_667357,/mnt/local/fiachra/meteor_images/files/RejectedFiles/US0002_20201026_004424_667357,/mnt/local/fiachra/meteor_images/files/ConfirmedFiles/US0002_20201026_004424_667357/FTPdetectinfo_US0002_20201026_004424_667357.txt,/mnt/local/fiachra/meteor_images/files/RejectedFiles/US0002_20201026_004424_667357/FTPdetectinfo_US0002_20201026_004424_667357.txt,both,/mnt/local/fiachra/meteor_images/files/ConfirmedFiles/US0002_20201026_004424_667357/FF_US0002_20201026_104339_797_0898048.fits,3
FF_US0002_20201026_105222_441_0911104_4.png,/mnt/local/fiachra/meteor_images/files/20220211_pngs,/mnt/local/fiachra/meteor_images/files/20220121_pngs/0/FF_US0002_20201026_105222_441_0911104_4.png,/mnt/local/fiachra/meteor_images/files/ConfirmedFiles/US0002_20201026_004424_667357,/mnt/local/fiachra/meteor_images/files/RejectedFiles/US0002_20201026_004424_667357,/mnt/local/fiachra/meteor_images/files/ConfirmedFiles/US0002_20201026_004424_667357/FTPdetectinfo_US0002_20201026_004424_667357.txt,/mnt/local/fiachra/meteor_images/files/RejectedFiles/US0002_20201026_004424_667357/FTPdetectinfo_US0002_20201026_004424_667357.txt,both,/mnt/local/fiachra/meteor_images/files/ConfirmedFiles/US0002_20201026_004424_667357/FF_US0002_20201026_105222_441_0911104.fits,4
FF_US0002_20201026_114722_198_0993536_1.png,/mnt/local/fiachra/meteor_images/files/20220211_pngs,/mnt/local/fiachra/meteor_images/files/20220121_pngs/0/FF_US0002_20201026_114722_198_0993536_1.png,/mnt/local/fiachra/meteor_images/files/ConfirmedFiles/US0002_20201026_004424_667357,/mnt/local/fiachra/meteor_images/files/RejectedFiles/US0002_20201026_004424_667357,/mnt/local/fiachra/meteor_images/files/ConfirmedFiles/US0002_20201026_004424_667357/FTPdetectinfo_US0002_20201026_004424_667357.txt,/mnt/local/fiachra/meteor_images/files/RejectedFiles/US0002_20201026_004424_667357/FTPdetectinfo_US0002_20201026_004424_667357.txt,both,/mnt/local/fiachra/meteor_images/files/ConfirmedFiles/US0002_20201026_004424_667357/FF_US0002_20201026_114722_198_0993536.fits,1
FF_US0002_20201026_114945_656_0997120_2.png,/mnt/local/fiachra/meteor_images/files/20220211_pngs,/mnt/local/fiachra/meteor_images/files/20220121_pngs/0/FF_US0002_20201026_114945_656_0997120_2.png,/mnt/local/fiachra/meteor_images/files/ConfirmedFiles/US0002_20201026_004424_667357,/mnt/local/fiachra/meteor_images/files/RejectedFiles/US0002_20201026_004424_667357,/mnt/local/fiachra/meteor_images/files/ConfirmedFiles/US0002_20201026_004424_667357/FTPdetectinfo_US0002_20201026_004424_667357.txt,/mnt/local/fiachra/meteor_images/files/RejectedFiles/US0002_20201026_004424_667357/FTPdetectinfo_US0002_20201026_004424_667357.txt,both,/mnt/local/fiachra/meteor_images/files/ConfirmedFiles/US0002_20201026_004424_667357/FF_US0002_20201026_114945_656_0997120.fits,2
FF_US0002_20201026_115128_128_0999680_5.png,/mnt/local/fiachra/meteor_images/files/20220211_pngs,/mnt/local/fiachra/meteor_images/files/20220121_pngs/0/FF_US0002_20201026_115128_128_0999680_5.png,/mnt/local/fiachra/meteor_images/files/ConfirmedFiles/US0002_20201026_004424_667357,/mnt/local/fiachra/meteor_images/files/RejectedFiles/US0002_20201026_004424_667357,/mnt/local/fiachra/meteor_images/files/ConfirmedFiles/US0002_20201026_004424_667357/FTPdetectinfo_US0002_20201026_004424_667357.txt,/mnt/local/fiachra/meteor_images/files/RejectedFiles/US0002_20201026_004424_667357/FTPdetectinfo_US0002_20201026_004424_667357.txt,both,/mnt/local/fiachra/meteor_images/files/ConfirmedFiles/US0002_20201026_004424_667357/FF_US0002_20201026_115128_128_0999680.fits,5
FF_US0002_20201026_115757_537_1009408_2.png,/mnt/local/fiachra/meteor_images/files/20220211_pngs,/mnt/local/fiachra/meteor_images/files/20220121_pngs/0/FF_US0002_20201026_115757_537_1009408_2.png,/mnt/local/fiachra/meteor_images/files/ConfirmedFiles/US0002_20201026_004424_667357,/mnt/local/fiachra/meteor_images/files/RejectedFiles/US0002_20201026_004424_667357,/mnt/local/fiachra/meteor_images/files/ConfirmedFiles/US0002_20201026_004424_667357/FTPdetectinfo_US0002_20201026_004424_667357.txt,/mnt/local/fiachra/meteor_images/files/RejectedFiles/US0002_20201026_004424_667357/FTPdetectinfo_US0002_20201026_004424_667357.txt,both,/mnt/local/fiachra/meteor_images/files/ConfirmedFiles/US0002_20201026_004424_667357/FF_US0002_20201026_115757_537_1009408.fits,2
